y(a),z_max,F(z_max),Area (Trapezoid),Area (Simpson),F(z) = 0
4.481689,9.666990,37.458977,288.554861,288.554865,22.918224
