y(a),z_max,F(z_max),Area (Trapezoid),Area (Simpson),F(z) = 0
4.481689,8.167184,37.580392,232.425018,232.425022,22.918510
