y(a),z_max,F(z_max),Area (Trapezoid),Area (Simpson),F(z) = 0
4.481689,9.667213,37.458977,288.563222,288.563226,22.918510
